<language-addon>
	<addon-name>desktop</addon-name>
	<depends>zul</depends>
	<language-name>xul/html</language-name>
 
	<!-- 
		JS or CSS is declared here that it will be loaded immediately, rather
		than load-on-demand  
	
	<javascript src="~./js/zul.wpd" charset="UTF-8"/>

	<stylesheet href="~./zul/css/zk.wcs" type="text/css"/>
  	-->
  	
	<component>
		<component-name>window</component-name>
		<extends>window</extends>
		<widget-class>zul.wnd.Window</widget-class>
		<mold>
			<mold-name>desktop</mold-name>
			<mold-uri>mold/window.js</mold-uri>
			<css-uri>css/desktop.css.dsp</css-uri><!-- If any, the CSS file will be loaded on demand -->
		</mold>
	</component>
</language-addon>

